[{"fields": {"image": "img/courses/anesthesia.svg", "title": "\u0410\u043d\u0430\u0441\u0442\u0435\u0437\u0438\u044f"}, "model": "services.serviceicon", "pk": 1}, {"fields": {"image": "img/courses/implants.svg", "title": "\u0418\u043c\u043f\u043b\u0430\u043d\u0442\u0430\u0446\u0438\u044f"}, "model": "services.serviceicon", "pk": 2}, {"fields": {"image": "img/courses/braces.svg", "title": "\u041e\u0440\u0442\u043e\u0434\u043e\u043d\u0442\u0438\u044f"}, "model": "services.serviceicon", "pk": 3}, {"fields": {"image": "img/courses/molar.svg", "title": "\u0413\u0438\u0433\u0438\u0435\u043d\u0430"}, "model": "services.serviceicon", "pk": 4}, {"fields": {"image": "img/courses/molar_1.svg", "title": "\u0422\u0435\u0440\u0430\u043f\u0438\u044f"}, "model": "services.serviceicon", "pk": 5}, {"fields": {"on_main_page": true, "icon": 5, "description": "\u041b\u0435\u0447\u0435\u043d\u0438\u0435 \u043a\u0430\u0440\u0438\u0435\u0441\u0430 \u0438 \u0435\u0433\u043e \u043e\u0441\u043b\u043e\u0436\u043d\u0435\u043d\u0438\u0439 (\u043f\u0443\u043b\u044c\u043f\u0438\u0442 \u0438 \u043f\u0435\u0440\u0438\u043e\u0434\u043e\u043d\u0442\u0438\u0442), \u043b\u0435\u0447\u0435\u043d\u0438\u0435 \u0438 \u043f\u043b\u043e\u043c\u0431\u0438\u0440\u043e\u0432\u043a\u0430 \u043a\u0430\u043d\u0430\u043b\u043e\u0432, \u0443\u0434\u0430\u043b\u0435\u043d\u0438\u0435 \u043d\u0435\u0440\u0432\u043e\u0432", "short_title": "\u0422\u0435\u0440\u0430\u043f\u0438\u044f", "title": "\u0422\u0435\u0440\u0430\u043f\u0435\u0432\u0442\u0438\u0447\u0435\u0441\u043a\u0430\u044f \u0441\u0442\u043e\u043c\u0430\u0442\u043e\u043b\u043e\u0433\u0438\u044f"}, "model": "services.servicecourse", "pk": 1}, {"fields": {"on_main_page": true, "icon": 2, "description": "\u0423\u0434\u0430\u043b\u0435\u043d\u0438\u0435 \u0437\u0443\u0431\u043e\u0432, \u0438\u043c\u043f\u043b\u0430\u043d\u0442\u0430\u0446\u0438\u044f, \u0441\u0438\u043d\u0443\u0441-\u043b\u0438\u0444\u0442\u0438\u043d\u0433, \u043a\u043e\u0441\u0442\u043d\u0430\u044f \u043f\u043b\u0430\u0441\u0442\u0438\u043a\u0430", "short_title": "\u0425\u0438\u0440\u0443\u0440\u0433\u0438\u044f", "title": "\u0425\u0438\u0440\u0443\u0440\u0433\u0438\u0447\u0435\u0441\u043a\u0430\u044f \u0441\u0442\u043e\u043c\u0430\u0442\u043e\u043b\u043e\u0433\u0438\u044f"}, "model": "services.servicecourse", "pk": 2}, {"fields": {"on_main_page": true, "icon": 2, "description": "\u0423\u0441\u0442\u0430\u043d\u043e\u0432\u043a\u0430 \u043a\u043e\u0440\u043e\u043d\u043e\u043a, \u0432\u0441\u0435 \u0432\u0438\u0434\u044b \u043f\u0440\u043e\u0442\u0435\u0437\u0438\u0440\u043e\u0432\u0430\u043d\u0438\u044f", "short_title": "\u041e\u0440\u0442\u043e\u043f\u0435\u0434\u0438\u044f", "title": "\u041e\u0440\u0442\u043e\u043f\u0435\u0434\u0438\u0447\u0435\u0441\u043a\u0430\u044f \u0441\u0442\u043e\u043c\u0430\u0442\u043e\u043b\u043e\u0433\u0438\u044f"}, "model": "services.servicecourse", "pk": 3}, {"fields": {"on_main_page": true, "icon": 3, "description": "\u0418\u0441\u043f\u0440\u0430\u0432\u043b\u0435\u043d\u0438\u0435 \u043f\u0440\u0438\u043a\u0443\u0441\u0430 \u0441 \u043f\u043e\u043c\u043e\u0449\u044c\u044e \u0431\u0440\u0435\u043a\u0435\u0442-\u0441\u0438\u0441\u0442\u0435\u043c \u0438 \u044d\u043b\u0430\u0439\u043d\u0435\u0440\u043e\u0432", "short_title": "\u041e\u0440\u0442\u043e\u0434\u043e\u043d\u0442\u0438\u044f", "title": "\u041e\u0440\u0442\u043e\u0434\u043e\u043d\u0442\u0438\u0447\u0435\u0441\u043a\u0430\u044f \u0441\u0442\u043e\u043c\u0430\u0442\u043e\u043b\u043e\u0433\u0438\u044f"}, "model": "services.servicecourse", "pk": 4}, {"fields": {"on_main_page": true, "icon": 4, "description": "\u0421\u043d\u044f\u0442\u0438\u0435 \u0437\u0443\u0431\u043d\u044b\u0445 \u043e\u0442\u043b\u043e\u0436\u0435\u043d\u0438\u0439, \u0444\u0442\u043e\u0440\u0438\u0440\u043e\u0432\u0430\u043d\u0438\u0435", "short_title": "\u0413\u0438\u0433\u0438\u0435\u043d\u0430", "title": "\u041f\u0440\u043e\u0444\u0438\u043b\u0430\u043a\u0442\u0438\u043a\u0430 \u0438 \u0433\u0438\u0433\u0438\u0435\u043d\u0430 \u043f\u043e\u043b\u043e\u0441\u0442\u0438 \u0440\u0442\u0430"}, "model": "services.servicecourse", "pk": 5}, {"fields": {"on_main_page": true, "icon": 1, "description": "\u041f\u0440\u043e\u0444\u0438\u043b\u0430\u043a\u0442\u0438\u043a\u0430 \u0438 \u043b\u0435\u0447\u0435\u043d\u0438\u0435 \u0437\u0430\u0431\u043e\u043b\u0435\u0432\u0430\u043d\u0438\u0439 \u0434\u0435\u0441\u0435\u043d, \u043b\u0435\u0447\u0435\u043d\u0438\u0435 \u043f\u0430\u0440\u043e\u0434\u043e\u043d\u0442\u043e\u0437\u0430, \u043f\u0430\u0440\u043e\u0434\u043e\u043d\u0442\u0438\u0442\u0430, \u0433\u0438\u043d\u0433\u0438\u0432\u0438\u0442\u0430", "short_title": "\u041f\u0430\u0440\u043e\u0434\u043e\u043d\u0442\u043e\u043b\u043e\u0433\u0438\u044f", "title": "\u041f\u0430\u0440\u043e\u0434\u043e\u043d\u0442\u043e\u043b\u043e\u0433\u0438\u0447\u0435\u0441\u043a\u0430\u044f \u0441\u0442\u043e\u043c\u0430\u0442\u043e\u043b\u043e\u0433\u0438\u044f"}, "model": "services.servicecourse", "pk": 6}, {"fields": {"on_main_page": true, "icon": 4, "description": "\u0420\u0435\u0441\u0442\u0430\u0432\u0440\u0430\u0446\u0438\u044f \u0437\u0443\u0431\u043e\u0432, \u0432\u043e\u0437\u0432\u0440\u0430\u0449\u0435\u043d\u0438\u0435 \u0438\u043c \u0435\u0441\u0442\u0435\u0441\u0442\u0432\u0435\u043d\u043d\u043e\u0433\u043e \u0432\u0438\u0434\u0430, \u0443\u0441\u0442\u0430\u043d\u043e\u0432\u043a\u0430 \u0432\u0438\u043d\u0438\u0440\u043e\u0432", "short_title": "\u042d\u0441\u0442\u0435\u0442\u0438\u043a\u0430", "title": "\u042d\u0441\u0442\u0435\u0442\u0438\u0447\u0435\u0441\u043a\u0430\u044f \u0441\u0442\u043e\u043c\u0430\u0442\u043e\u043b\u043e\u0433\u0438\u044f"}, "model": "services.servicecourse", "pk": 7}, {"fields": {"title": "\u041b\u0435\u0447\u0435\u043d\u0438\u0435 \u0437\u0443\u0431\u043e\u0432"}, "model": "services.servicecategory", "pk": 1}, {"fields": {"title": "\u0423\u0434\u0430\u043b\u0435\u043d\u0438\u0435 \u0437\u0443\u0431\u0430"}, "model": "services.servicecategory", "pk": 2}, {"fields": {"title": "\u041f\u0440\u043e\u0444\u0435\u0441\u0441\u0438\u043e\u043d\u0430\u043b\u044c\u043d\u0430\u044f \u0447\u0438\u0441\u0442\u043a\u0430 \u0437\u0443\u0431\u043e\u0432"}, "model": "services.servicecategory", "pk": 3}, {"fields": {"title": "\u041b\u0435\u0447\u0435\u043d\u0438\u0435 \u0434\u0451\u0441\u0435\u043d"}, "model": "services.servicecategory", "pk": 4}, {"fields": {"title": "\u0418\u0441\u043f\u0440\u0430\u0432\u043b\u0435\u043d\u0438\u0435 \u043f\u0440\u0438\u043a\u0443\u0441\u0430"}, "model": "services.servicecategory", "pk": 5}, {"fields": {"title": "\u0411\u0440\u0435\u043a\u0435\u0442-\u0441\u0438\u0441\u0442\u0435\u043c\u044b"}, "model": "services.servicecategory", "pk": 6}, {"fields": {"title": "\u0412\u0438\u043d\u0438\u0440\u044b"}, "model": "services.servicecategory", "pk": 7}, {"fields": {"title": "\u041e\u0442\u0431\u0435\u043b\u0438\u0432\u0430\u043d\u0438\u0435 \u0437\u0443\u0431\u043e\u0432"}, "model": "services.servicecategory", "pk": 8}, {"fields": {"title": "\u0412\u043e\u0441\u0441\u0442\u0430\u043d\u043e\u0432\u043b\u0435\u043d\u0438\u0435 \u0437\u0443\u0431\u043e\u0432"}, "model": "services.servicecategory", "pk": 9}, {"fields": {"title": "\u0420\u0435\u0441\u0442\u0430\u0432\u0440\u0430\u0446\u0438\u044f \u0437\u0443\u0431\u043e\u0432"}, "model": "services.servicecategory", "pk": 10}, {"fields": {"title": "\u0418\u043c\u043f\u043b\u0430\u043d\u0442\u0430\u0446\u0438\u044f \u0437\u0443\u0431\u043e\u0432"}, "model": "services.servicecategory", "pk": 11}, {"fields": {"title": "\u041f\u0440\u043e\u0442\u0435\u0437\u0438\u0440\u043e\u0432\u0430\u043d\u0438\u0435 \u0437\u0443\u0431\u043e\u0432"}, "model": "services.servicecategory", "pk": 12}, {"fields": {"title": "\u042d\u043b\u0430\u0439\u043d\u0435\u0440\u044b"}, "model": "services.servicecategory", "pk": 13}, {"fields": {"category": [1], "title": "\u041e\u0441\u043c\u043e\u0442\u0440 \u0438 \u043a\u043e\u043d\u0441\u0443\u043b\u044c\u0442\u0430\u0446\u0438\u044f \u0432\u0440\u0430\u0447\u0430-\u0442\u0435\u0440\u0430\u043f\u0435\u0432\u0442\u0430", "numchild": 0, "course": 1, "depth": 1, "min_price": 300, "path": "0001", "max_price": 300}, "model": "services.service", "pk": 49}, {"fields": {"category": [], "title": "\u0420\u0435\u043d\u0442\u0433\u0435\u043d\u043e\u0433\u0440\u0430\u0444\u0438\u044f", "numchild": 0, "course": 1, "depth": 1, "min_price": 500, "path": "0002", "max_price": 500}, "model": "services.service", "pk": 50}, {"fields": {"category": [], "title": "\u0410\u043d\u0430\u0441\u0442\u0435\u0437\u0438\u044f", "numchild": 0, "course": 1, "depth": 1, "min_price": 550, "path": "0003", "max_price": 550}, "model": "services.service", "pk": 51}, {"fields": {"category": [], "title": "\u041d\u0430\u043b\u043e\u0436\u0435\u043d\u0438\u0435 \u043a\u043e\u0444\u0444\u0435\u0440\u0434\u0430\u043c\u0430", "numchild": 0, "course": 1, "depth": 1, "min_price": 300, "path": "0004", "max_price": 300}, "model": "services.service", "pk": 52}, {"fields": {"category": [1], "title": "\u041b\u0435\u0447\u0435\u043d\u0438\u0435 \u043a\u0430\u0440\u0438\u0435\u0441\u0430", "numchild": 3, "course": 1, "depth": 1, "min_price": null, "path": "0005", "max_price": null}, "model": "services.service", "pk": 53}, {"fields": {"category": [], "title": "\u041a=1", "numchild": 0, "course": 1, "depth": 2, "min_price": 2500, "path": "00050001", "max_price": 2500}, "model": "services.service", "pk": 54}, {"fields": {"category": [], "title": "\u041a=2", "numchild": 0, "course": 1, "depth": 2, "min_price": 3200, "path": "00050002", "max_price": 3200}, "model": "services.service", "pk": 55}, {"fields": {"category": [], "title": "\u041a=3", "numchild": 0, "course": 1, "depth": 2, "min_price": 3900, "path": "00050003", "max_price": 3900}, "model": "services.service", "pk": 56}, {"fields": {"category": [], "title": "\u0413\u0435\u0440\u043c\u0435\u0442\u0438\u0437\u0430\u0446\u0438\u044f \u043a\u043b\u0438\u043d\u043e\u0432\u0438\u0434\u043d\u043e\u0433\u043e \u0434\u0435\u0444\u0444\u0435\u043a\u0442\u0430", "numchild": 0, "course": 1, "depth": 1, "min_price": 1200, "path": "0007", "max_price": 1200}, "model": "services.service", "pk": 57}, {"fields": {"category": [9], "title": "\u042d\u0441\u0442\u0435\u0442\u0438\u0447\u0435\u0441\u043a\u0430\u044f \u0440\u0435\u0441\u0442\u0430\u0432\u0440\u0430\u0446\u0438\u044f \u0437\u0443\u0431\u0430", "numchild": 0, "course": 1, "depth": 1, "min_price": 6000, "path": "0008", "max_price": 6000}, "model": "services.service", "pk": 58}, {"fields": {"category": [], "title": "\u0423\u0441\u0442\u0430\u043d\u043e\u0432\u043a\u0430 \u0441\u0442\u0435\u043a\u043b\u043e\u0432\u043e\u043b\u043e\u043a\u043e\u043d\u043d\u043e\u0433\u043e \u0448\u0442\u0438\u0444\u0442\u0430", "numchild": 0, "course": 1, "depth": 1, "min_price": 1700, "path": "000A", "max_price": 1700}, "model": "services.service", "pk": 59}, {"fields": {"category": [1], "title": "\u041b\u0435\u0447\u0435\u043d\u0438\u0435 \u043f\u0443\u043b\u044c\u043f\u0438\u0442\u0430 (\u0431\u0435\u0437 \u043f\u043b\u043e\u043c\u0431\u044b)", "numchild": 3, "course": 1, "depth": 1, "min_price": null, "path": "000B", "max_price": null}, "model": "services.service", "pk": 60}, {"fields": {"category": [], "title": "1 \u043a\u0430\u043d\u0430\u043b", "numchild": 0, "course": 1, "depth": 2, "min_price": 4000, "path": "000B0001", "max_price": 4000}, "model": "services.service", "pk": 61}, {"fields": {"category": [], "title": "2 \u043a\u0430\u043d\u0430\u043b\u0430", "numchild": 0, "course": 1, "depth": 2, "min_price": 6000, "path": "000B0002", "max_price": 6000}, "model": "services.service", "pk": 62}, {"fields": {"category": [], "title": "3 \u043a\u0430\u043d\u0430\u043b\u0430", "numchild": 0, "course": 1, "depth": 2, "min_price": 8000, "path": "000B0003", "max_price": 8000}, "model": "services.service", "pk": 63}, {"fields": {"category": [], "title": "\u041b\u0435\u0447\u0435\u043d\u0438\u0435 \u043f\u043b\u043e\u0445\u043e \u043f\u0440\u043e\u0445\u043e\u0434\u0438\u043c\u044b\u0445 \u043a\u0430\u043d\u0430\u043b\u043e\u0432", "numchild": 0, "course": 1, "depth": 1, "min_price": 1300, "path": "000C", "max_price": 1300}, "model": "services.service", "pk": 64}, {"fields": {"category": [], "title": "\u0420\u0430\u0441\u043f\u043b\u043e\u043c\u0431\u0438\u0440\u043e\u0432\u043a\u0430 \u043a\u0430\u043d\u0430\u043b\u0430", "numchild": 0, "course": 1, "depth": 1, "min_price": 1700, "path": "000D", "max_price": 1700}, "model": "services.service", "pk": 65}, {"fields": {"category": [], "title": "\u0423\u0434\u0430\u043b\u0435\u043d\u0438\u0435 \u0432\u043d\u0443\u0442\u0440\u0438\u043a\u0430\u043d\u0430\u043b\u044c\u043d\u043e\u0433\u043e \u0448\u0442\u0438\u0444\u0442\u0430", "numchild": 0, "course": 1, "depth": 1, "min_price": 3000, "path": "000E", "max_price": 3000}, "model": "services.service", "pk": 66}, {"fields": {"category": [], "title": "\u0420\u0430\u0441\u043f\u043b\u043e\u043c\u0431\u0438\u0440\u043e\u0432\u043a\u0430 \u043a\u0430\u043d\u0430\u043b\u0430 \u043f\u043e\u0434 \u043a\u0443\u043b\u044c\u0442\u0435\u0432\u0443\u044e \u0432\u043a\u043b\u0430\u0434\u043a\u0443", "numchild": 0, "course": 1, "depth": 1, "min_price": 1000, "path": "000F", "max_price": 1000}, "model": "services.service", "pk": 67}, {"fields": {"category": [], "title": "Proroot (\u043c\u0430\u0442\u0435\u0440\u0438\u0430\u043b \u0434\u043b\u044f \u0440\u0435\u0442\u0440\u043e\u0433\u0440\u0430\u0434\u043d\u043e\u0433\u043e \u043f\u043b\u043e\u043c\u0431\u0438\u0440\u043e\u0432\u0430\u043d\u0438\u044f \u043a\u0430\u043d\u0430\u043b\u043e\u0432 \u0438 \u0434\u043b\u044f \u043f\u043b\u043e\u043c\u0431\u0438\u0440\u043e\u0432\u0430\u043d\u0438\u044f \u043f\u0435\u0440\u0444\u043e\u0440\u0430\u0446\u0438\u0439)", "numchild": 0, "course": 1, "depth": 1, "min_price": 3000, "path": "000G", "max_price": 3000}, "model": "services.service", "pk": 68}, {"fields": {"category": [], "title": "\u041f\u0440\u043e\u043c\u0435\u0436\u0443\u0442\u043e\u0447\u043d\u043e\u0435 \u043f\u043e\u0441\u0435\u0449\u0435\u043d\u0438\u0435 (\u043d\u0430\u043b\u043e\u0436\u0435\u043d\u0438\u0435 \u043b\u0435\u0447\u0435\u0431\u043d\u043e\u0439 \u043f\u0430\u0441\u0442\u044b Calasept, \u0432\u0440\u0435\u043c\u0435\u043d\u043d\u043e\u0435 \u0432\u043e\u0441\u0441\u0442\u0430\u043d\u043e\u0432\u043b\u0435\u043d\u0438\u0435 \u0437\u0443\u0431\u0430)", "numchild": 0, "course": 1, "depth": 1, "min_price": 1800, "path": "000H", "max_price": 1800}, "model": "services.service", "pk": 69}, {"fields": {"category": [], "title": "\u041d\u0430\u043b\u043e\u0436\u0435\u043d\u0438\u0435 \u0434\u0435\u0432\u0438\u0442\u0430\u043b\u0438\u0437\u0438\u0440\u0443\u044e\u0449\u0435\u0439 \u043f\u0430\u0441\u0442\u044b", "numchild": 0, "course": 1, "depth": 1, "min_price": 1000, "path": "000I", "max_price": 1000}, "model": "services.service", "pk": 70}, {"fields": {"category": [3], "title": "\u041f\u0440\u043e\u0444\u0435\u0441\u0441\u0438\u043e\u043d\u0430\u043b\u044c\u043d\u0430\u044f \u0433\u0438\u0433\u0438\u0435\u043d\u0430 \u043f\u043e\u043b\u043e\u0441\u0442\u0438 \u0440\u0442\u0430 (Air Flow, \u0447\u0438\u0441\u0442\u043a\u0430 \u0443\u043b\u044c\u0442\u0440\u0430\u0437\u0432\u0443\u043a\u043e\u043c, \u043f\u043e\u043b\u0438\u0440\u043e\u0432\u043a\u0430 \u043f\u0430\u0441\u0442\u043e\u0439)", "numchild": 0, "course": 1, "depth": 1, "min_price": 2400, "path": "000J", "max_price": 2400}, "model": "services.service", "pk": 71}, {"fields": {"category": [], "title": "\u0420\u0435\u043c\u043e\u0442\u0435\u0440\u0430\u043f\u0438\u044f (\u0443\u043a\u0440\u0435\u043f\u043b\u0435\u043d\u0438\u0435 \u0442\u043a\u0430\u043d\u0435\u0439 \u0437\u0443\u0431\u043e\u0432 \u0441 \u0438\u0441\u043f\u043e\u043b\u044c\u0437\u043e\u0432\u0430\u043d\u0438\u0435\u043c \u0444\u0442\u043e\u0440\u0441\u043e\u0434\u0435\u0440\u0436\u0430\u0449\u0435\u0433\u043e \u0433\u0435\u043b\u044f)", "numchild": 0, "course": 1, "depth": 1, "min_price": 1000, "path": "000L", "max_price": 1000}, "model": "services.service", "pk": 72}, {"fields": {"category": [8], "title": "\u0412\u043d\u0443\u0442\u0440\u0438\u043a\u043e\u0440\u043e\u043d\u043a\u043e\u0432\u043e\u0435 \u043e\u0442\u0431\u0435\u043b\u0438\u0432\u0430\u043d\u0438\u0435", "numchild": 0, "course": 1, "depth": 1, "min_price": 1700, "path": "000M", "max_price": 1700}, "model": "services.service", "pk": 73}, {"fields": {"category": [8], "title": "\u041e\u0442\u0431\u0435\u043b\u0438\u0432\u0430\u043d\u0438\u0435 \u0437\u0443\u0431\u043e\u0432 Opalescence Boost PF", "numchild": 0, "course": 1, "depth": 1, "min_price": 12000, "path": "000N", "max_price": 12000}, "model": "services.service", "pk": 74}, {"fields": {"category": [6, 5, 13], "title": "\u041a\u043e\u043d\u0441\u0443\u043b\u044c\u0442\u0430\u0446\u0438\u044f \u0441\u0442\u043e\u043c\u0430\u0442\u043e\u043b\u043e\u0433\u0430 - \u043e\u0440\u0442\u043e\u0434\u043e\u043d\u0442\u0430", "numchild": 0, "course": 4, "depth": 1, "min_price": 300, "path": "000O", "max_price": 300}, "model": "services.service", "pk": 75}, {"fields": {"category": [6, 5, 13], "title": "\u041a\u043e\u043d\u0441\u0443\u043b\u044c\u0442\u0430\u0446\u0438\u044f \u0441\u0442\u043e\u043c\u0430\u0442\u043e\u043b\u043e\u0433\u0430 \u2013 \u043e\u0440\u0442\u043e\u0434\u043e\u043d\u0442\u0430 \u0441 \u043f\u0440\u0438\u043c\u0435\u043d\u0435\u043d\u0438\u0435\u043c \u0434\u0435\u043c\u043e\u043d\u0441\u0442\u0440\u0430\u0442\u0438\u0432\u043d\u044b\u0445 \u043c\u0430\u0442\u0435\u0440\u0438\u0430\u043b\u043e\u0432", "numchild": 0, "course": 4, "depth": 1, "min_price": 1000, "path": "000P", "max_price": 1000}, "model": "services.service", "pk": 76}, {"fields": {"category": [], "title": "\u041f\u0440\u0438\u0435\u043c \u043f\u0430\u0446\u0438\u0435\u043d\u0442\u0430, \u043f\u0440\u043e\u0445\u043e\u0434\u044f\u0449\u0435\u0433\u043e \u043e\u0440\u0442\u043e\u0434\u043e\u043d\u0442\u0438\u0447\u0435\u0441\u043a\u043e\u0435 \u043b\u0435\u0447\u0435\u043d\u0438\u0435 \u0432 \u0434\u0440\u0443\u0433\u043e\u043c \u041b\u041f\u0423 (\u043e\u0442\u0440\u0435\u0437\u0430\u043d\u0438\u0435 \u0434\u0443\u0433\u0438, \u043e\u0442\u0440\u0435\u0437\u0430\u043d\u0438\u0435 \u0440\u0435\u0442\u0435\u0439\u043d\u0435\u0440\u0430 \u0438 \u0442. \u043f.)", "numchild": 0, "course": 4, "depth": 1, "min_price": 500, "path": "000Q", "max_price": 500}, "model": "services.service", "pk": 77}, {"fields": {"category": [], "title": "\u0418\u0437\u0433\u043e\u0442\u043e\u0432\u043b\u0435\u043d\u0438\u0435 \u0434\u0438\u0430\u0433\u043d\u043e\u0441\u0442\u0438\u0447\u0435\u0441\u043a\u043e\u0439 \u043c\u043e\u0434\u0435\u043b\u0438", "numchild": 0, "course": 4, "depth": 1, "min_price": 500, "path": "000R", "max_price": 500}, "model": "services.service", "pk": 78}, {"fields": {"category": [], "title": "\u0421\u043d\u044f\u0442\u0438\u0435 \u0441\u043b\u0435\u043f\u043a\u0430 \u0441 \u043e\u0434\u043d\u043e\u0439 \u0447\u0435\u043b\u044e\u0441\u0442\u0438", "numchild": 0, "course": 4, "depth": 1, "min_price": 500, "path": "000S", "max_price": 500}, "model": "services.service", "pk": 79}, {"fields": {"category": [], "title": "Set-up \u043c\u043e\u0434\u0435\u043b\u044c (\u0438\u0437\u0433\u043e\u0442\u043e\u0432\u043b\u0435\u043d\u0438\u0435 \u0448\u0430\u0431\u043b\u043e\u043d\u0430 \u0434\u043b\u044f \u043f\u0440\u0430\u0432\u0438\u043b\u044c\u043d\u043e\u0433\u043e \u043f\u043e\u0437\u0438\u0446\u0438\u043e\u043d\u0438\u0440\u043e\u0432\u0430\u043d\u0438\u044f \u0431\u0440\u0435\u043a\u0435\u0442\u043e\u0432)", "numchild": 0, "course": 4, "depth": 1, "min_price": 3800, "path": "000T", "max_price": 3800}, "model": "services.service", "pk": 80}, {"fields": {"category": [], "title": "\u0418\u0441\u043f\u043e\u043b\u044c\u0437\u043e\u0432\u0430\u043d\u0438\u0435 \u0441\u044a\u0435\u043c\u043d\u043e\u0439 \u043e\u0440\u0442\u043e\u0434\u043e\u043d\u0442\u0438\u0447\u0435\u0441\u043a\u043e\u0439 \u0430\u043f\u043f\u0430\u0440\u0430\u0442\u0443\u0440\u044b", "numchild": 11, "course": 4, "depth": 1, "min_price": null, "path": "000U", "max_price": null}, "model": "services.service", "pk": 81}, {"fields": {"category": [], "title": "\u041b\u0435\u0447\u0435\u043d\u0438\u0435 \u0441 LM-\u0430\u043a\u0442\u0438\u0432\u0430\u0442\u043e\u0440\u043e\u043c", "numchild": 0, "course": 4, "depth": 2, "min_price": 7000, "path": "000U0001", "max_price": 7000}, "model": "services.service", "pk": 82}, {"fields": {"category": [], "title": "\u041b\u0435\u0447\u0435\u043d\u0438\u0435 \u0441 \u043e\u0440\u0442\u043e\u0434\u043e\u043d\u0442\u0438\u0447\u0435\u0441\u043a\u0438\u043c \u0442\u0440\u0435\u0439\u043d\u0435\u0440\u043e\u043c", "numchild": 0, "course": 4, "depth": 2, "min_price": 7000, "path": "000U0002", "max_price": 7000}, "model": "services.service", "pk": 83}, {"fields": {"category": [], "title": "\u0418\u0437\u0433\u043e\u0442\u043e\u0432\u043b\u0435\u043d\u0438\u0435 \u043e\u0434\u043d\u043e\u0433\u043e \u043f\u0440\u043e\u0444\u0438\u043b\u0430\u043a\u0442\u0438\u0447\u0435\u0441\u043a\u043e\u0433\u043e \u0441\u044a\u0435\u043c\u043d\u043e\u0433\u043e \u043f\u0440\u043e\u0442\u0435\u0437\u0430 \u0438\u043b\u0438 \u0440\u0435\u0442\u0435\u043d\u0446\u0438\u043e\u043d\u043d\u043e\u0433\u043e \u0430\u043f\u043f\u0430\u0440\u0430\u0442\u0430", "numchild": 0, "course": 4, "depth": 2, "min_price": 7000, "path": "000U0003", "max_price": 7000}, "model": "services.service", "pk": 84}, {"fields": {"category": [], "title": "\u0418\u0437\u0433\u043e\u0442\u043e\u0432\u043b\u0435\u043d\u0438\u0435 \u043b\u0435\u0447\u0435\u0431\u043d\u043e\u0433\u043e \u0441\u044a\u0435\u043c\u043d\u043e\u0433\u043e \u0430\u043f\u043f\u0430\u0440\u0430\u0442\u0430, \u0430\u043f\u043f\u0430\u0440\u0430\u0442\u0430 \u0411\u0440\u044e\u043a\u043b\u044f", "numchild": 0, "course": 4, "depth": 2, "min_price": 8700, "path": "000U0004", "max_price": 8700}, "model": "services.service", "pk": 85}, {"fields": {"category": [], "title": "\u0418\u0437\u0433\u043e\u0442\u043e\u0432\u043b\u0435\u043d\u0438\u0435 \u0434\u0432\u0443\u0445\u0447\u0435\u043b\u044e\u0441\u0442\u043d\u043e\u0433\u043e \u0430\u043f\u043f\u0430\u0440\u0430\u0442\u0430 \u0410\u0434\u0440\u0435\u0437\u0435\u043d\u0430- \u0413\u043e\u0439\u043f\u043b\u044f", "numchild": 0, "course": 4, "depth": 2, "min_price": 10000, "path": "000U0005", "max_price": 10000}, "model": "services.service", "pk": 86}, {"fields": {"category": [], "title": "\u0418\u0437\u0433\u043e\u0442\u043e\u0432\u043b\u0435\u043d\u0438\u0435 \u0441\u044a\u0435\u043c\u043d\u043e\u0433\u043e \u0430\u043f\u043f\u0430\u0440\u0430\u0442\u0430 \u0413\u0435\u0440\u0431\u0441\u0442\u0430", "numchild": 0, "course": 4, "depth": 2, "min_price": 15000, "path": "000U0006", "max_price": 15000}, "model": "services.service", "pk": 87}, {"fields": {"category": [], "title": "\u041b\u0435\u0447\u0435\u043d\u0438\u0435 \u0441 \u0430\u043f\u043f\u0430\u0440\u0430\u0442\u043e\u043c \u0421\u043f\u043b\u0438\u043d\u0442 (\u0434\u0432\u0443\u0445\u0447\u0435\u043b\u044e\u0441\u0442\u043d\u043e\u0439 \u0441\u044a\u0435\u043c\u043d\u044b\u0439 \u0430\u043f\u043f\u0430\u0440\u0430\u0442 \u0434\u043b\u044f \u0434\u0435\u043f\u0440\u043e\u0433\u0440\u0430\u043c\u043c\u0438\u0440\u043e\u0432\u0430\u043d\u0438\u044f \u0436\u0435\u0432\u0430\u0442\u0435\u043b\u044c\u043d\u043e\u0439 \u043c\u0443\u0441\u043a\u0443\u043b\u0430\u0442\u0443\u0440\u044b)", "numchild": 0, "course": 4, "depth": 2, "min_price": 11200, "path": "000U0007", "max_price": 11200}, "model": "services.service", "pk": 88}, {"fields": {"category": [], "title": "\u0418\u0437\u0433\u043e\u0442\u043e\u0432\u043b\u0435\u043d\u0438\u0435 \u0434\u0432\u0443\u0445\u0447\u0435\u043b\u044e\u0441\u0442\u043d\u043e\u0433\u043e \u0430\u043f\u043f\u0430\u0440\u0430\u0442\u0430 \"\u0424\u0440\u0435\u043d\u043a\u0435\u043b\u044f\"", "numchild": 0, "course": 4, "depth": 2, "min_price": 10000, "path": "000U0008", "max_price": 10000}, "model": "services.service", "pk": 89}, {"fields": {"category": [], "title": "\u041f\u0440\u0438\u043f\u0430\u0441\u043e\u0432\u043a\u0430 \u0438 \u0444\u0438\u043a\u0441\u0430\u0446\u0438\u044f \u043e\u0434\u043d\u043e\u0447\u0435\u043b\u044e\u0441\u0442\u043d\u043e\u0433\u043e \u0430\u043f\u043f\u0430\u0440\u0430\u0442\u0430", "numchild": 0, "course": 4, "depth": 2, "min_price": 1200, "path": "000U0009", "max_price": 1200}, "model": "services.service", "pk": 90}, {"fields": {"category": [], "title": "\u041f\u0440\u0438\u043f\u0430\u0441\u043e\u0432\u043a\u0430 \u0438 \u0444\u0438\u043a\u0441\u0430\u0446\u0438\u044f \u0434\u0432\u0443\u0445\u0447\u0435\u043b\u044e\u0441\u0442\u043d\u043e\u0433\u043e \u0430\u043f\u043f\u0430\u0440\u0430\u0442\u0430", "numchild": 0, "course": 4, "depth": 2, "min_price": 1400, "path": "000U000A", "max_price": 1400}, "model": "services.service", "pk": 91}, {"fields": {"category": [], "title": "\u0421\u0442\u043e\u0438\u043c\u043e\u0441\u0442\u044c \u043a\u043e\u043d\u0442\u0440\u043e\u043b\u044c\u043d\u043e\u0433\u043e \u043f\u043e\u0441\u0435\u0449\u0435\u043d\u0438\u044f(\u043e\u0441\u043c\u043e\u0442\u0440 \u0438 \u0430\u043a\u0442\u0438\u0432\u0430\u0446\u0438\u044f \u0441\u044a\u0435\u043c\u043d\u043e\u0433\u043e \u0430\u043f\u043f\u0430\u0440\u0430\u0442\u0430, \u043e\u0434\u043d\u043e\u0447\u0435\u043b\u044e\u0441\u0442\u043d\u043e\u0433\u043e, \u0434\u0432\u0443\u0445\u0447\u0435\u043b\u044e\u0441\u0442\u043d\u043e\u0433\u043e)", "numchild": 0, "course": 4, "depth": 2, "min_price": 500, "path": "000U000B", "max_price": 500}, "model": "services.service", "pk": 92}, {"fields": {"category": [], "title": "\u0418\u0441\u043f\u043e\u043b\u044c\u0437\u043e\u0432\u0430\u043d\u0438\u0435 \u043e\u0442\u0434\u0435\u043b\u044c\u043d\u044b\u0445 \u044d\u043b\u0435\u043c\u0435\u043d\u0442\u043e\u0432 \u0438 \u043c\u0430\u043d\u0438\u043f\u0443\u043b\u044f\u0446\u0438\u0439", "numchild": 12, "course": 4, "depth": 1, "min_price": null, "path": "000V", "max_price": null}, "model": "services.service", "pk": 93}, {"fields": {"category": [], "title": "\u0420\u0435\u0442\u0435\u0439\u043d\u0435\u0440 \u043f\u0440\u043e\u0432\u043e\u043b\u043e\u0447\u043d\u044b\u0439", "numchild": 0, "course": 4, "depth": 2, "min_price": 1000, "path": "000V0001", "max_price": 1000}, "model": "services.service", "pk": 94}, {"fields": {"category": [], "title": "\u041f\u0440\u0438\u043f\u0430\u0441\u043e\u0432\u043a\u0430 \u0440\u0435\u0442\u0435\u0439\u043d\u0435\u0440\u0430", "numchild": 0, "course": 4, "depth": 2, "min_price": 1100, "path": "000V0002", "max_price": 1100}, "model": "services.service", "pk": 95}, {"fields": {"category": [], "title": "\u0421\u043d\u044f\u0442\u0438\u0435 \u0440\u0435\u0442\u0435\u0439\u043d\u0435\u0440\u0430", "numchild": 0, "course": 4, "depth": 2, "min_price": 1000, "path": "000V0003", "max_price": 1000}, "model": "services.service", "pk": 96}, {"fields": {"category": [], "title": "\u0420\u0435\u0442\u0435\u043d\u0446\u0438\u043e\u043d\u043d\u0430\u044f \u043a\u0430\u043f\u043f\u0430 \u043d\u0430 1 \u0447\u0435\u043b\u044e\u0441\u0442\u044c", "numchild": 0, "course": 4, "depth": 2, "min_price": 7000, "path": "000V0004", "max_price": 7000}, "model": "services.service", "pk": 97}, {"fields": {"category": [], "title": "\u041a\u043e\u0440\u0440\u0435\u043a\u0446\u0438\u044f \u043f\u043e\u043b\u043e\u0436\u0435\u043d\u0438\u044f \u0437\u0443\u0431\u043e\u0432, \u0441\u043c\u0435\u0449\u0435\u043d\u043d\u044b\u0445 \u043f\u043e\u0441\u043b\u0435 \u043e\u0442\u043a\u043b\u0435\u0438\u0432\u0430\u043d\u0438\u044f \u0440\u0435\u0442\u0435\u0439\u043d\u0435\u0440\u0430 (\u0437\u0430 1 \u0437\u0443\u0431)", "numchild": 0, "course": 4, "depth": 2, "min_price": 500, "path": "000V0005", "max_price": 500}, "model": "services.service", "pk": 98}, {"fields": {"category": [], "title": "\u041a\u043d\u043e\u043f\u043a\u0430", "numchild": 0, "course": 4, "depth": 2, "min_price": 1200, "path": "000V0006", "max_price": 1200}, "model": "services.service", "pk": 99}, {"fields": {"category": [], "title": "\u041f\u0440\u0438\u043a\u043b\u0435\u0438\u0432\u0430\u043d\u0438\u0435 \u043a\u043d\u043e\u043f\u043a\u0438", "numchild": 0, "course": 4, "depth": 2, "min_price": 600, "path": "000V0007", "max_price": 600}, "model": "services.service", "pk": 100}, {"fields": {"category": [], "title": "\u0421\u043d\u044f\u0442\u0438\u0435 \u043a\u043d\u043e\u043f\u043a\u0438", "numchild": 0, "course": 4, "depth": 2, "min_price": 700, "path": "000V0008", "max_price": 700}, "model": "services.service", "pk": 101}, {"fields": {"category": [], "title": "\u041f\u043e\u0432\u0442\u043e\u0440\u043d\u0430\u044f \u0444\u0438\u043a\u0441\u0430\u0446\u0438\u044f \u0440\u0435\u0442\u0435\u0439\u043d\u0435\u0440\u0430 (\u043d\u0430 1 \u0437\u0443\u0431)", "numchild": 0, "course": 4, "depth": 2, "min_price": 500, "path": "000V0009", "max_price": 500}, "model": "services.service", "pk": 102}, {"fields": {"category": [], "title": "\u041f\u043e\u0432\u0442\u043e\u0440\u043d\u043e\u0435 \u043f\u0440\u0438\u043a\u043b\u0435\u0438\u0432\u0430\u043d\u0438\u0435 \u0431\u0440\u0435\u043a\u0435\u0442\u0430 (\u043d\u0430\u0440\u0443\u0436\u043d\u044b\u0439 \u0431\u0440\u0435\u043a\u0435\u0442)", "numchild": 0, "course": 4, "depth": 2, "min_price": 500, "path": "000V000A", "max_price": 500}, "model": "services.service", "pk": 103}, {"fields": {"category": [], "title": "\u041f\u043e\u0432\u0442\u043e\u0440\u043d\u043e\u0435 \u043f\u0440\u0438\u043a\u043b\u0435\u0438\u0432\u0430\u043d\u0438\u0435 \u0431\u0440\u0435\u043a\u0435\u0442\u0430 (\u043b\u0438\u043d\u0433\u0432\u0430\u043b\u044c\u043d\u044b\u0439 \u0431\u0440\u0435\u043a\u0435\u0442)", "numchild": 0, "course": 4, "depth": 2, "min_price": 1000, "path": "000V000C", "max_price": 1000}, "model": "services.service", "pk": 104}, {"fields": {"category": [], "title": "\u0412\u044b\u0440\u0430\u0432\u043d\u0438\u0432\u0430\u044e\u0449\u0438\u0435 \u043a\u0440\u0435\u0441\u0442\u043e\u043e\u0431\u0440\u0430\u0437\u043d\u044b\u0435 \u043f\u0440\u0443\u0436\u0438\u043d\u044b (\u043d\u0430 1 \u0447\u0435\u043b\u044e\u0441\u0442\u044c)", "numchild": 0, "course": 4, "depth": 2, "min_price": 4000, "path": "000V000D", "max_price": 4000}, "model": "services.service", "pk": 105}, {"fields": {"category": [], "title": "\u0417\u0430\u043c\u0435\u043d\u0430 \u0430\u043f\u043f\u0430\u0440\u0430\u0442\u0443\u0440\u044b \u0441 \u0438\u0441\u043f\u043e\u043b\u044c\u0437\u043e\u0432\u0430\u043d\u0438\u0435\u043c \u0431\u0440\u0435\u043a\u0435\u0442\u043e\u0432", "numchild": 9, "course": 4, "depth": 1, "min_price": null, "path": "000W", "max_price": null}, "model": "services.service", "pk": 106}, {"fields": {"category": [], "title": "\u0411\u0440\u0435\u043a\u0435\u0442 \u043c\u0435\u0442\u0430\u043b\u043b\u0438\u0447\u0435\u0441\u043a\u0438\u0439 \"Victory\" (3\u041c Unitek)", "numchild": 0, "course": 4, "depth": 2, "min_price": 1400, "path": "000W0002", "max_price": 1400}, "model": "services.service", "pk": 108}, {"fields": {"category": [], "title": "\u0411\u0440\u0435\u043a\u0435\u0442 \u043a\u0435\u0440\u0430\u043c\u0438\u0447\u0435\u0441\u043a\u0438\u0439 \"Clarity\" (3\u041c Unitek)", "numchild": 0, "course": 4, "depth": 2, "min_price": 5000, "path": "000W0003", "max_price": 5000}, "model": "services.service", "pk": 109}, {"fields": {"category": [], "title": "\u0411\u0440\u0435\u043a\u0435\u0442 \u0441\u0430\u043f\u0444\u0438\u0440\u043e\u0432\u044b\u0439 \"Inspire\" (ORMCO)", "numchild": 0, "course": 4, "depth": 2, "min_price": 5100, "path": "000W0004", "max_price": 5100}, "model": "services.service", "pk": 110}, {"fields": {"category": [], "title": "\u0411\u0440\u0435\u043a\u0435\u0442 \u0441\u0430\u043c\u043e\u043b\u0438\u0433\u0438\u0440\u0443\u044e\u0449\u0438\u0439\u0441\u044f Smart Clip (3\u041c Unitek)", "numchild": 0, "course": 4, "depth": 2, "min_price": 3250, "path": "000W0005", "max_price": 3250}, "model": "services.service", "pk": 111}, {"fields": {"category": [], "title": "\u0411\u0440\u0435\u043a\u0435\u0442 \u0441\u0430\u043c\u043e\u043b\u0438\u0433\u0438\u0440\u0443\u044e\u0449\u0438\u0439\u0441\u044f Damon 3 (ORMCO)", "numchild": 0, "course": 4, "depth": 2, "min_price": 2500, "path": "000W0006", "max_price": 2500}, "model": "services.service", "pk": 112}, {"fields": {"category": [], "title": "\u0411\u0440\u0435\u043a\u0435\u0442 \u0441\u0430\u043c\u043e\u043b\u0438\u0433\u0438\u0440\u0443\u044e\u0449\u0438\u0439\u0441\u044f Damon-Q (ORMCO)", "numchild": 0, "course": 4, "depth": 2, "min_price": 2400, "path": "000W0007", "max_price": 2400}, "model": "services.service", "pk": 113}, {"fields": {"category": [], "title": "\u0411\u0440\u0435\u043a\u0435\u0442 \u0441\u0430\u043c\u043e\u043b\u0438\u0433\u0438\u0440\u0443\u044e\u0449\u0438\u0439\u0441\u044f Damon Clear (ORMCO)", "numchild": 0, "course": 4, "depth": 2, "min_price": 4550, "path": "000W0008", "max_price": 4550}, "model": "services.service", "pk": 114}, {"fields": {"category": [], "title": "\u0411\u0440\u0435\u043a\u0435\u0442 \u043b\u0438\u043d\u0433\u0432\u0430\u043b\u044c\u043d\u044b\u0439 STB (ORMCO)", "numchild": 0, "course": 4, "depth": 2, "min_price": 2600, "path": "000W0009", "max_price": 2600}, "model": "services.service", "pk": 115}, {"fields": {"category": [], "title": "\u0422\u0443\u0440\u0431\u043e-\u0431\u0440\u0435\u043a\u0435\u0442", "numchild": 0, "course": 4, "depth": 2, "min_price": 1700, "path": "000W000A", "max_price": 1700}, "model": "services.service", "pk": 116}, {"fields": {"category": [], "title": "\u041d\u0435\u0441\u044a\u0435\u043c\u043d\u0430\u044f \u043e\u0440\u0442\u043e\u0434\u043e\u043d\u0442\u0438\u0447\u0435\u0441\u043a\u0430\u044f \u0430\u043f\u043f\u0430\u0440\u0430\u0442\u0443\u0440\u0430", "numchild": 11, "course": 4, "depth": 1, "min_price": null, "path": "000X", "max_price": null}, "model": "services.service", "pk": 117}, {"fields": {"category": [], "title": "\u041c\u0435\u0442\u0430\u043b\u043b\u0438\u0447\u0435\u0441\u043a\u0438\u0435 \u043d\u0430\u0440\u0443\u0436\u043d\u044b\u0435 \u0431\u0440\u0435\u043a\u0435\u0442-\u0441\u0438\u0441\u0442\u0435\u043c\u044b", "numchild": 2, "course": 4, "depth": 2, "min_price": null, "path": "000X0001", "max_price": null}, "model": "services.service", "pk": 118}, {"fields": {"category": [6, 5], "title": "\u041c\u0435\u0442\u0430\u043b\u043b\u0438\u0447\u0435\u0441\u043a\u0430\u044f \u0431\u0440\u0435\u043a\u0435\u0442-\u0441\u0438\u0441\u0442\u0435\u043c\u0430 \"\u041c\u0438\u043d\u0438-\u041c\u043e\u043d\u043e\" (Forestadent)", "numchild": 2, "course": 4, "depth": 3, "min_price": null, "path": "000X00010001", "max_price": null}, "model": "services.service", "pk": 119}, {"fields": {"category": [], "title": "\u0411\u0440\u0435\u043a\u0435\u0442-\u0441\u0438\u0441\u0442\u0435\u043c\u0430 \u0438 \u0435\u0451 \u0443\u0441\u0442\u0430\u043d\u043e\u0432\u043a\u0430 \u043d\u0430 \u043e\u0434\u043d\u0443 \u0447\u0435\u043b\u044e\u0441\u0442\u044c", "numchild": 0, "course": 4, "depth": 4, "min_price": 25000, "path": "000X000100010001", "max_price": 25000}, "model": "services.service", "pk": 120}, {"fields": {"category": [], "title": "\u0411\u0440\u0435\u043a\u0435\u0442-\u0441\u0438\u0441\u0442\u0435\u043c\u0430 \u0438 \u0435\u0451 \u0443\u0441\u0442\u0430\u043d\u043e\u0432\u043a\u0430 \u043d\u0430 \u0434\u0432\u0435 \u0447\u0435\u043b\u044e\u0441\u0442\u0438", "numchild": 0, "course": 4, "depth": 4, "min_price": 50000, "path": "000X000100010002", "max_price": 50000}, "model": "services.service", "pk": 121}, {"fields": {"category": [6, 5], "title": "\u041c\u0435\u0442\u0430\u043b\u043b\u0438\u0447\u0435\u0441\u043a\u0430\u044f \u0431\u0440\u0435\u043a\u0435\u0442-\u0441\u0438\u0441\u0442\u0435\u043c\u0430 \"Victory\" (3\u041c Unitek)", "numchild": 2, "course": 4, "depth": 3, "min_price": null, "path": "000X00010002", "max_price": null}, "model": "services.service", "pk": 122}, {"fields": {"category": [], "title": "\u0411\u0440\u0435\u043a\u0435\u0442-\u0441\u0438\u0441\u0442\u0435\u043c\u0430 \u0438 \u0435\u0435 \u0443\u0441\u0442\u0430\u043d\u043e\u0432\u043a\u0430 \u043d\u0430 \u043e\u0434\u043d\u0443 \u0447\u0435\u043b\u044e\u0441\u0442\u044c", "numchild": 0, "course": 4, "depth": 4, "min_price": 20000, "path": "000X000100020001", "max_price": 20000}, "model": "services.service", "pk": 123}, {"fields": {"category": [], "title": "\u0411\u0440\u0435\u043a\u0435\u0442-\u0441\u0438\u0441\u0442\u0435\u043c\u0430 \u0438 \u0435\u0451 \u0443\u0441\u0442\u0430\u043d\u043e\u0432\u043a\u0430 \u043d\u0430 \u0434\u0432\u0435 \u0447\u0435\u043b\u044e\u0441\u0442\u0438", "numchild": 0, "course": 4, "depth": 4, "min_price": 40000, "path": "000X000100020002", "max_price": 40000}, "model": "services.service", "pk": 124}, {"fields": {"category": [], "title": "\u041a\u0435\u0440\u0430\u043c\u0438\u0447\u0435\u0441\u043a\u0438\u0435 \u043d\u0430\u0440\u0443\u0436\u043d\u044b\u0435 \u0431\u0440\u0435\u043a\u0435\u0442-\u0441\u0438\u0441\u0442\u0435\u043c\u044b", "numchild": 3, "course": 4, "depth": 2, "min_price": null, "path": "000X0003", "max_price": null}, "model": "services.service", "pk": 125}, {"fields": {"category": [6, 5], "title": "\u041a\u0435\u0440\u0430\u043c\u0438\u0447\u0435\u0441\u043a\u0430\u044f \u0431\u0440\u0435\u043a\u0435\u0442-\u0441\u0438\u0441\u0442\u0435\u043c\u0430 \"\u042d\u0441\u0442\u0435\u0442\u0438\u043a\" (Forestadent)", "numchild": 2, "course": 4, "depth": 3, "min_price": null, "path": "000X00030001", "max_price": null}, "model": "services.service", "pk": 126}, {"fields": {"category": [], "title": "\u0411\u0440\u0435\u043a\u0435\u0442-\u0441\u0438\u0441\u0442\u0435\u043c\u0430 \u0438 \u0435\u0435 \u0443\u0441\u0442\u0430\u043d\u043e\u0432\u043a\u0430 \u043d\u0430 \u043e\u0434\u043d\u0443 \u0447\u0435\u043b\u044e\u0441\u0442\u044c", "numchild": 0, "course": 4, "depth": 4, "min_price": 40000, "path": "000X000300010001", "max_price": 40000}, "model": "services.service", "pk": 127}, {"fields": {"category": [], "title": "\u0411\u0440\u0435\u043a\u0435\u0442-\u0441\u0438\u0441\u0442\u0435\u043c\u0430 \u0438 \u0435\u0435 \u0443\u0441\u0442\u0430\u043d\u043e\u0432\u043a\u0430 \u043d\u0430 \u0434\u0432\u0435 \u0447\u0435\u043b\u044e\u0441\u0442\u0438", "numchild": 0, "course": 4, "depth": 4, "min_price": 80000, "path": "000X000300010002", "max_price": 80000}, "model": "services.service", "pk": 128}, {"fields": {"category": [6, 5], "title": "\u041a\u0435\u0440\u0430\u043c\u0438\u0447\u0435\u0441\u043a\u0430\u044f \u0431\u0440\u0435\u043a\u0435\u0442-\u0441\u0438\u0441\u0442\u0435\u043c\u0430 \"Reflektions\" (Ortho Technology)", "numchild": 2, "course": 4, "depth": 3, "min_price": null, "path": "000X00030002", "max_price": null}, "model": "services.service", "pk": 129}, {"fields": {"category": [], "title": "\u0411\u0440\u0435\u043a\u0435\u0442-\u0441\u0438\u0441\u0442\u0435\u043c\u0430 \u0438 \u0435\u0435 \u0443\u0441\u0442\u0430\u043d\u043e\u0432\u043a\u0430 \u043d\u0430 \u043e\u0434\u043d\u0443 \u0447\u0435\u043b\u044e\u0441\u0442\u044c", "numchild": 0, "course": 4, "depth": 4, "min_price": 52000, "path": "000X000300020001", "max_price": 52000}, "model": "services.service", "pk": 130}, {"fields": {"category": [], "title": "\u0411\u0440\u0435\u043a\u0435\u0442-\u0441\u0438\u0441\u0442\u0435\u043c\u0430 \u0438 \u0435\u0435 \u0443\u0441\u0442\u0430\u043d\u043e\u0432\u043a\u0430 \u043d\u0430 \u0434\u0432\u0435 \u0447\u0435\u043b\u044e\u0441\u0442\u0438", "numchild": 0, "course": 4, "depth": 4, "min_price": 104000, "path": "000X000300020002", "max_price": 104000}, "model": "services.service", "pk": 131}, {"fields": {"category": [6, 5], "title": "\u041a\u043e\u043c\u0431\u0438\u043d\u0438\u0440\u043e\u0432\u0430\u043d\u043d\u0430\u044f \u043a\u0435\u0440\u0430\u043c\u0438\u0447\u0435\u0441\u043a\u0430\u044f \u0431\u0440\u0435\u043a\u0435\u0442-\u0441\u0438\u0441\u0442\u0435\u043c\u0430 \"CLARITY\" (3\u041c Unitek)", "numchild": 2, "course": 4, "depth": 3, "min_price": null, "path": "000X00030003", "max_price": null}, "model": "services.service", "pk": 132}, {"fields": {"category": [], "title": "\u0411\u0440\u0435\u043a\u0435\u0442-\u0441\u0438\u0441\u0442\u0435\u043c\u0430 \u0438 \u0435\u0435 \u0443\u0441\u0442\u0430\u043d\u043e\u0432\u043a\u0430 \u043d\u0430 \u043e\u0434\u043d\u0443 \u0447\u0435\u043b\u044e\u0441\u0442\u044c", "numchild": 0, "course": 4, "depth": 4, "min_price": 40000, "path": "000X000300030001", "max_price": 40000}, "model": "services.service", "pk": 133}, {"fields": {"category": [], "title": "\u0411\u0440\u0435\u043a\u0435\u0442-\u0441\u0438\u0441\u0442\u0435\u043c\u0430 \u0438 \u0435\u0435 \u0443\u0441\u0442\u0430\u043d\u043e\u0432\u043a\u0430 \u043d\u0430 \u0434\u0432\u0435 \u0447\u0435\u043b\u044e\u0441\u0442\u0438", "numchild": 0, "course": 4, "depth": 4, "min_price": 80000, "path": "000X000300030002", "max_price": 80000}, "model": "services.service", "pk": 134}, {"fields": {"category": [], "title": "\u0421\u0430\u043c\u043e\u043b\u0438\u0433\u0438\u0440\u0443\u044e\u0449\u0438\u0435 \u043d\u0430\u0440\u0443\u0436\u043d\u044b\u0435 \u0431\u0440\u0435\u043a\u0435\u0442-\u0441\u0438\u0441\u0442\u0435\u043c\u044b", "numchild": 4, "course": 4, "depth": 2, "min_price": null, "path": "000X0004", "max_price": null}, "model": "services.service", "pk": 135}, {"fields": {"category": [6, 5], "title": "\u0421\u0430\u043c\u043e\u043b\u0438\u0433\u0438\u0440\u0443\u044e\u0449\u0430\u044f \u0431\u0440\u0435\u043a\u0435\u0442-\u0441\u0438\u0441\u0442\u0435\u043c\u0430 Damon 3 (ORMCO)", "numchild": 2, "course": 4, "depth": 3, "min_price": null, "path": "000X00040001", "max_price": null}, "model": "services.service", "pk": 136}, {"fields": {"category": [], "title": "\u0411\u0440\u0435\u043a\u0435\u0442-\u0441\u0438\u0441\u0442\u0435\u043c\u0430 \u0438 \u0435\u0435 \u0443\u0441\u0442\u0430\u043d\u043e\u0432\u043a\u0430 \u043d\u0430 \u043e\u0434\u043d\u0443 \u0447\u0435\u043b\u044e\u0441\u0442\u044c", "numchild": 0, "course": 4, "depth": 4, "min_price": 68000, "path": "000X000400010001", "max_price": 68000}, "model": "services.service", "pk": 137}, {"fields": {"category": [], "title": "\u0411\u0440\u0435\u043a\u0435\u0442-\u0441\u0438\u0441\u0442\u0435\u043c\u0430 \u0438 \u0435\u0435 \u0443\u0441\u0442\u0430\u043d\u043e\u0432\u043a\u0430 \u043d\u0430 \u0434\u0432\u0435 \u0447\u0435\u043b\u044e\u0441\u0442\u0438", "numchild": 0, "course": 4, "depth": 4, "min_price": 136000, "path": "000X000400010002", "max_price": 136000}, "model": "services.service", "pk": 138}, {"fields": {"category": [6, 5], "title": "\u0421\u0430\u043c\u043e\u043b\u0438\u0433\u0438\u0440\u0443\u044e\u0449\u0430\u044f \u0431\u0440\u0435\u043a\u0435\u0442-\u0441\u0438\u0441\u0442\u0435\u043c\u0430 Damon-Q (ORMCO)", "numchild": 2, "course": 4, "depth": 3, "min_price": null, "path": "000X00040002", "max_price": null}, "model": "services.service", "pk": 139}, {"fields": {"category": [], "title": "\u0411\u0440\u0435\u043a\u0435\u0442-\u0441\u0438\u0441\u0442\u0435\u043c\u0430 \u0438 \u0435\u0435 \u0443\u0441\u0442\u0430\u043d\u043e\u0432\u043a\u0430 \u043d\u0430 \u043e\u0434\u043d\u0443 \u0447\u0435\u043b\u044e\u0441\u0442\u044c", "numchild": 0, "course": 4, "depth": 4, "min_price": 35000, "path": "000X000400020001", "max_price": 35000}, "model": "services.service", "pk": 140}, {"fields": {"category": [], "title": "\u0411\u0440\u0435\u043a\u0435\u0442-\u0441\u0438\u0441\u0442\u0435\u043c\u0430 \u0438 \u0435\u0435 \u0443\u0441\u0442\u0430\u043d\u043e\u0432\u043a\u0430 \u043d\u0430 \u0434\u0432\u0435 \u0447\u0435\u043b\u044e\u0441\u0442\u0438", "numchild": 0, "course": 4, "depth": 4, "min_price": 70000, "path": "000X000400020002", "max_price": 70000}, "model": "services.service", "pk": 141}, {"fields": {"category": [6, 5], "title": "\u0421\u0430\u043c\u043e\u043b\u0438\u0433\u0438\u0440\u0443\u044e\u0449\u0430\u044f\u0441\u044f \u0431\u0440\u0435\u043a\u0435\u0442-\u0441\u0438\u0441\u0442\u0435\u043c\u0430 Smart \u0421lip (3\u041c Unitek)", "numchild": 2, "course": 4, "depth": 3, "min_price": null, "path": "000X00040003", "max_price": null}, "model": "services.service", "pk": 142}, {"fields": {"category": [], "title": "\u0411\u0440\u0435\u043a\u0435\u0442-\u0441\u0438\u0441\u0442\u0435\u043c\u0430 \u0438 \u0435\u0435 \u0443\u0441\u0442\u0430\u043d\u043e\u0432\u043a\u0430 \u043d\u0430 \u043e\u0434\u043d\u0443 \u0447\u0435\u043b\u044e\u0441\u0442\u044c", "numchild": 0, "course": 4, "depth": 4, "min_price": 73000, "path": "000X000400030001", "max_price": 73000}, "model": "services.service", "pk": 143}, {"fields": {"category": [], "title": "\u0411\u0440\u0435\u043a\u0435\u0442-\u0441\u0438\u0441\u0442\u0435\u043c\u0430 \u0438 \u0435\u0435 \u0443\u0441\u0442\u0430\u043d\u043e\u0432\u043a\u0430 \u043d\u0430 \u0434\u0432\u0435 \u0447\u0435\u043b\u044e\u0441\u0442\u0438", "numchild": 0, "course": 4, "depth": 4, "min_price": 146000, "path": "000X000400030002", "max_price": 146000}, "model": "services.service", "pk": 144}, {"fields": {"category": [6, 5], "title": "\u0421\u0430\u043c\u043e\u043b\u0438\u0433\u0438\u0440\u0443\u044e\u0449\u0430\u044f \u0431\u0440\u0435\u043a\u0435\u0442-\u0441\u0438\u0441\u0442\u0435\u043c\u0430 Damon Clear (ORMCO)", "numchild": 2, "course": 4, "depth": 3, "min_price": null, "path": "000X00040004", "max_price": null}, "model": "services.service", "pk": 145}, {"fields": {"category": [], "title": "\u0411\u0440\u0435\u043a\u0435\u0442-\u0441\u0438\u0441\u0442\u0435\u043c\u0430 \u0438 \u0435\u0435 \u0443\u0441\u0442\u0430\u043d\u043e\u0432\u043a\u0430 \u043d\u0430 \u043e\u0434\u043d\u0443 \u0447\u0435\u043b\u044e\u0441\u0442\u044c", "numchild": 0, "course": 4, "depth": 4, "min_price": 40000, "path": "000X000400040001", "max_price": 40000}, "model": "services.service", "pk": 146}, {"fields": {"category": [], "title": "\u0411\u0440\u0435\u043a\u0435\u0442-\u0441\u0438\u0441\u0442\u0435\u043c\u0430 \u0438 \u0435\u0435 \u0443\u0441\u0442\u0430\u043d\u043e\u0432\u043a\u0430 \u043d\u0430 \u0434\u0432\u0435 \u0447\u0435\u043b\u044e\u0441\u0442\u0438", "numchild": 0, "course": 4, "depth": 4, "min_price": 80000, "path": "000X000400040002", "max_price": 80000}, "model": "services.service", "pk": 147}, {"fields": {"category": [], "title": "\u0427\u0430\u0441\u0442\u0438\u0447\u043d\u044b\u0435 \u043d\u0430\u0440\u0443\u0436\u043d\u044b\u0435 \u0431\u0440\u0435\u043a\u0435\u0442-\u0441\u0438\u0441\u0442\u0435\u043c\u044b", "numchild": 4, "course": 4, "depth": 2, "min_price": null, "path": "000X0005", "max_price": null}, "model": "services.service", "pk": 148}, {"fields": {"category": [6, 5], "title": "\u0427\u0430\u0441\u0442\u0438\u0447\u043d\u0430\u044f \u0431\u0440\u0435\u043a\u0435\u0442-\u0441\u0438\u0441\u0442\u0435\u043c\u0430 (ORMCO)", "numchild": 3, "course": 4, "depth": 3, "min_price": null, "path": "000X00050001", "max_price": null}, "model": "services.service", "pk": 149}, {"fields": {"category": [], "title": "\u043c\u0435\u0442\u0430\u043b\u043b\u0438\u0447\u0435\u0441\u043a\u0430\u044f \u043d\u0430 \u043e\u0434\u043d\u0443 \u0447\u0435\u043b\u044e\u0441\u0442\u044c \u0438 \u0435\u0451 \u0443\u0441\u0442\u0430\u043d\u043e\u0432\u043a\u0430", "numchild": 0, "course": 4, "depth": 4, "min_price": 30000, "path": "000X000500010001", "max_price": 30000}, "model": "services.service", "pk": 150}, {"fields": {"category": [], "title": "\u0441\u0430\u043f\u0444\u0438\u0440\u043e\u0432\u0430\u044f \u043d\u0430 \u043e\u0434\u043d\u0443 \u0447\u0435\u043b\u044e\u0441\u0442\u044c \u0438 \u0435\u0451 \u0443\u0441\u0442\u0430\u043d\u043e\u0432\u043a\u0430", "numchild": 0, "course": 4, "depth": 4, "min_price": 40000, "path": "000X000500010002", "max_price": 40000}, "model": "services.service", "pk": 151}, {"fields": {"category": [], "title": "\u0441\u0430\u043c\u043e\u043b\u0438\u0433\u0438\u0440\u0443\u044e\u0449\u0430\u044f \u043d\u0430 \u043e\u0434\u043d\u0443 \u0447\u0435\u043b\u044e\u0441\u0442\u044c \u0438 \u0435\u0451 \u0443\u0441\u0442\u0430\u043d\u043e\u0432\u043a\u0430", "numchild": 0, "course": 4, "depth": 4, "min_price": 52000, "path": "000X000500010003", "max_price": 52000}, "model": "services.service", "pk": 152}, {"fields": {"category": [6, 5], "title": "\u0427\u0430\u0441\u0442\u0438\u0447\u043d\u0430\u044f \u0431\u0440\u0435\u043a\u0435\u0442-\u0441\u0438\u0441\u0442\u0435\u043c\u0430 (Forestadent)", "numchild": 2, "course": 4, "depth": 3, "min_price": null, "path": "000X00050002", "max_price": null}, "model": "services.service", "pk": 153}, {"fields": {"category": [], "title": "\u043c\u0435\u0442\u0430\u043b\u043b\u0438\u0447\u0435\u0441\u043a\u0430\u044f \u043d\u0430 \u043e\u0434\u043d\u0443 \u0447\u0435\u043b\u044e\u0441\u0442\u044c \u0438 \u0435\u0451 \u0443\u0441\u0442\u0430\u043d\u043e\u0432\u043a\u0430", "numchild": 0, "course": 4, "depth": 4, "min_price": 15000, "path": "000X000500020001", "max_price": 15000}, "model": "services.service", "pk": 154}, {"fields": {"category": [], "title": "\u043a\u0435\u0440\u0430\u043c\u0438\u0447\u0435\u0441\u043a\u0430\u044f \u043d\u0430 \u043e\u0434\u043d\u0443 \u0447\u0435\u043b\u044e\u0441\u0442\u044c \u0438 \u0435\u0451 \u0443\u0441\u0442\u0430\u043d\u043e\u0432\u043a\u0430", "numchild": 0, "course": 4, "depth": 4, "min_price": 30000, "path": "000X000500020002", "max_price": 30000}, "model": "services.service", "pk": 155}, {"fields": {"category": [6, 5], "title": "\u0427\u0430\u0441\u0442\u0438\u0447\u043d\u0430\u044f \u043a\u0435\u0440\u0430\u043c\u0438\u0447\u0435\u0441\u043a\u0430\u044f \u0431\u0440\u0435\u043a\u0435\u0442-\u0441\u0438\u0441\u0442\u0435\u043c\u0430 (Ortho Technology)", "numchild": 1, "course": 4, "depth": 3, "min_price": null, "path": "000X00050003", "max_price": null}, "model": "services.service", "pk": 156}, {"fields": {"category": [], "title": "\u043d\u0430 \u043e\u0434\u043d\u0443 \u0447\u0435\u043b\u044e\u0441\u0442\u044c \u0438 \u0435\u0451 \u0443\u0441\u0442\u0430\u043d\u043e\u0432\u043a\u0430", "numchild": 0, "course": 4, "depth": 4, "min_price": 34000, "path": "000X000500030001", "max_price": 34000}, "model": "services.service", "pk": 157}, {"fields": {"category": [6, 5], "title": "\u0427\u0430\u0441\u0442\u0438\u0447\u043d\u0430\u044f \u0431\u0440\u0435\u043a\u0435\u0442-\u0441\u0438\u0441\u0442\u0435\u043c\u0430 (3\u041c Unitek)", "numchild": 2, "course": 4, "depth": 3, "min_price": null, "path": "000X00050004", "max_price": null}, "model": "services.service", "pk": 158}, {"fields": {"category": [], "title": "\u043c\u0435\u0442\u0430\u043b\u043b\u0438\u0447\u0435\u0441\u043a\u0430\u044f \u043d\u0430 \u043e\u0434\u043d\u0443 \u0447\u0435\u043b\u044e\u0441\u0442\u044c \u0438 \u0435\u0451 \u0443\u0441\u0442\u0430\u043d\u043e\u0432\u043a\u0430", "numchild": 0, "course": 4, "depth": 4, "min_price": 34000, "path": "000X000500040001", "max_price": 34000}, "model": "services.service", "pk": 159}, {"fields": {"category": [], "title": "\u043a\u0435\u0440\u0430\u043c\u0438\u0447\u0435\u0441\u043a\u0430\u044f \u043d\u0430 \u043e\u0434\u043d\u0443 \u0447\u0435\u043b\u044e\u0441\u0442\u044c \u0438 \u0435\u0451 \u0443\u0441\u0442\u0430\u043d\u043e\u0432\u043a\u0430", "numchild": 0, "course": 4, "depth": 4, "min_price": 46000, "path": "000X000500040002", "max_price": 46000}, "model": "services.service", "pk": 160}, {"fields": {"category": [], "title": "\u041b\u0438\u043d\u0433\u0432\u0430\u043b\u044c\u043d\u044b\u0435 \u0431\u0440\u0435\u043a\u0435\u0442-\u0441\u0438\u0441\u0442\u0435\u043c\u044b", "numchild": 3, "course": 4, "depth": 2, "min_price": null, "path": "000X0006", "max_price": null}, "model": "services.service", "pk": 161}, {"fields": {"category": [6, 5], "title": "\u041b\u0438\u043d\u0433\u0432\u0430\u043b\u044c\u043d\u0430\u044f \u0431\u0440\u0435\u043a\u0435\u0442-\u0441\u0438\u0441\u0442\u0435\u043c\u0430 Incognito", "numchild": 2, "course": 4, "depth": 3, "min_price": null, "path": "000X00060001", "max_price": null}, "model": "services.service", "pk": 162}, {"fields": {"category": [], "title": "\u0411\u0440\u0435\u043a\u0435\u0442-\u0441\u0438\u0441\u0442\u0435\u043c\u0430 \u0438 \u0435\u0451 \u0443\u0441\u0442\u0430\u043d\u043e\u0432\u043a\u0430 \u043d\u0430 \u043e\u0434\u043d\u0443 \u0447\u0435\u043b\u044e\u0441\u0442\u044c", "numchild": 0, "course": 4, "depth": 4, "min_price": 151100, "path": "000X000600010001", "max_price": 151100}, "model": "services.service", "pk": 163}, {"fields": {"category": [], "title": "\u0411\u0440\u0435\u043a\u0435\u0442-\u0441\u0438\u0441\u0442\u0435\u043c\u0430 \u0438 \u0435\u0451 \u0443\u0441\u0442\u0430\u043d\u043e\u0432\u043a\u0430 \u043d\u0430 \u0434\u0432\u0435 \u0447\u0435\u043b\u044e\u0441\u0442\u0438", "numchild": 0, "course": 4, "depth": 4, "min_price": 302200, "path": "000X000600010002", "max_price": 302200}, "model": "services.service", "pk": 164}, {"fields": {"category": [6, 5], "title": "\u041b\u0438\u043d\u0433\u0432\u0430\u043b\u044c\u043d\u0430\u044f \u0431\u0440\u0435\u043a\u0435\u0442-\u0441\u0438\u0441\u0442\u0435\u043c\u0430 Incognito Lite (\u043e\u0442 4-\u043a\u0438 \u0434\u043e 4-\u043a\u0438)", "numchild": 2, "course": 4, "depth": 3, "min_price": null, "path": "000X00060002", "max_price": null}, "model": "services.service", "pk": 165}, {"fields": {"category": [], "title": "\u0411\u0440\u0435\u043a\u0435\u0442-\u0441\u0438\u0441\u0442\u0435\u043c\u0430 \u0438 \u0435\u0451 \u0443\u0441\u0442\u0430\u043d\u043e\u0432\u043a\u0430 \u043d\u0430 \u043e\u0434\u043d\u0443 \u0447\u0435\u043b\u044e\u0441\u0442\u044c", "numchild": 0, "course": 4, "depth": 4, "min_price": 80000, "path": "000X000600020001", "max_price": 80000}, "model": "services.service", "pk": 166}, {"fields": {"category": [], "title": "\u0411\u0440\u0435\u043a\u0435\u0442-\u0441\u0438\u0441\u0442\u0435\u043c\u0430 \u0438 \u0435\u0451 \u0443\u0441\u0442\u0430\u043d\u043e\u0432\u043a\u0430 \u043d\u0430 \u0434\u0432\u0435 \u0447\u0435\u043b\u044e\u0441\u0442\u0438", "numchild": 0, "course": 4, "depth": 4, "min_price": 160000, "path": "000X000600020002", "max_price": 160000}, "model": "services.service", "pk": 167}, {"fields": {"category": [6, 5], "title": "\u041b\u0438\u043d\u0433\u0432\u0430\u043b\u044c\u043d\u0430\u044f \u0431\u0440\u0435\u043a\u0435\u0442-\u0441\u0438\u0441\u0442\u0435\u043c\u0430 Incognito Lite (\u043e\u0442 3-\u043a\u0438 \u0434\u043e 3-\u043a\u0438)", "numchild": 2, "course": 4, "depth": 3, "min_price": null, "path": "000X00060004", "max_price": null}, "model": "services.service", "pk": 168}, {"fields": {"category": [], "title": "\u0411\u0440\u0435\u043a\u0435\u0442-\u0441\u0438\u0441\u0442\u0435\u043c\u0430 \u0438 \u0435\u0451 \u0443\u0441\u0442\u0430\u043d\u043e\u0432\u043a\u0430 \u043d\u0430 \u043e\u0434\u043d\u0443 \u0447\u0435\u043b\u044e\u0441\u0442\u044c", "numchild": 0, "course": 4, "depth": 4, "min_price": 64000, "path": "000X000600040001", "max_price": 64000}, "model": "services.service", "pk": 169}, {"fields": {"category": [], "title": "\u0411\u0440\u0435\u043a\u0435\u0442-\u0441\u0438\u0441\u0442\u0435\u043c\u0430 \u0438 \u0435\u0451 \u0443\u0441\u0442\u0430\u043d\u043e\u0432\u043a\u0430 \u043d\u0430 \u0434\u0432\u0435 \u0447\u0435\u043b\u044e\u0441\u0442\u0438", "numchild": 0, "course": 4, "depth": 4, "min_price": 128000, "path": "000X000600040002", "max_price": 128000}, "model": "services.service", "pk": 170}, {"fields": {"category": [], "title": "\u041b\u0435\u0447\u0435\u043d\u0438\u0435 \u0441 \u043f\u043e\u043c\u043e\u0449\u044c\u044e \u0441\u0438\u0441\u0442\u0435\u043c\u044b \u044d\u043b\u0430\u0439\u043d\u0435\u0440\u043e\u0432", "numchild": 6, "course": 4, "depth": 1, "min_price": null, "path": "000Y", "max_price": null}, "model": "services.service", "pk": 171}, {"fields": {"category": [5, 13], "title": "\u041b\u0435\u0447\u0435\u043d\u0438\u0435 \u0441 \u0441\u0438\u0441\u0442\u0435\u043c\u043e\u0439 \u044d\u043b\u0430\u0439\u043d\u0435\u0440\u043e\u0432 Invisalign Full", "numchild": 3, "course": 4, "depth": 2, "min_price": null, "path": "000Y0001", "max_price": null}, "model": "services.service", "pk": 172}, {"fields": {"category": [], "title": "3D \u043c\u043e\u0434\u0435\u043b\u0438\u0440\u043e\u0432\u0430\u043d\u0438\u0435 \u0434\u043b\u044f \u043b\u0435\u0447\u0435\u043d\u0438\u044f \u0441 \u0441\u0438\u0441\u0442\u0435\u043c\u043e\u0439 \u044d\u043b\u0430\u0439\u043d\u0435\u0440\u043e\u0432 Invisalign Full", "numchild": 0, "course": 4, "depth": 3, "min_price": 90000, "path": "000Y00010001", "max_price": 90000}, "model": "services.service", "pk": 173}, {"fields": {"category": [], "title": "\u0418\u0437\u0433\u043e\u0442\u043e\u0432\u043b\u0435\u043d\u0438\u0435 \u0441\u0438\u0441\u0442\u0435\u043c\u044b \u044d\u043b\u0430\u0439\u043d\u0435\u0440\u043e\u0432 Invisalign Full", "numchild": 0, "course": 4, "depth": 3, "min_price": 190000, "path": "000Y00010002", "max_price": 190000}, "model": "services.service", "pk": 174}, {"fields": {"category": [], "title": "\u0423\u0441\u0442\u0430\u043d\u043e\u0432\u043a\u0430 \u0441\u0438\u0441\u0442\u0435\u043c\u044b \u044d\u043b\u0430\u0439\u043d\u0435\u0440\u043e\u0432 Invisalign Full", "numchild": 0, "course": 4, "depth": 3, "min_price": 50000, "path": "000Y00010003", "max_price": 50000}, "model": "services.service", "pk": 175}, {"fields": {"category": [5, 13], "title": "\u041b\u0435\u0447\u0435\u043d\u0438\u0435 \u0441 \u0441\u0438\u0441\u0442\u0435\u043c\u043e\u0439 \u044d\u043b\u0430\u0439\u043d\u0435\u0440\u043e\u0432 Invisalign Lite", "numchild": 3, "course": 4, "depth": 2, "min_price": null, "path": "000Y0002", "max_price": null}, "model": "services.service", "pk": 176}, {"fields": {"category": [], "title": "3D \u043c\u043e\u0434\u0435\u043b\u0438\u0440\u043e\u0432\u0430\u043d\u0438\u0435 \u0434\u043b\u044f \u043b\u0435\u0447\u0435\u043d\u0438\u044f \u0441 \u0441\u0438\u0441\u0442\u0435\u043c\u043e\u0439 \u044d\u043b\u0430\u0439\u043d\u0435\u0440\u043e\u0432 Invisalign Lite", "numchild": 0, "course": 4, "depth": 3, "min_price": 90000, "path": "000Y00020001", "max_price": 90000}, "model": "services.service", "pk": 177}, {"fields": {"category": [], "title": "\u0418\u0437\u0433\u043e\u0442\u043e\u0432\u043b\u0435\u043d\u0438\u0435 \u0441\u0438\u0441\u0442\u0435\u043c\u044b \u044d\u043b\u0430\u0439\u043d\u0435\u0440\u043e\u0432 Invisalign Lite", "numchild": 0, "course": 4, "depth": 3, "min_price": 130000, "path": "000Y00020002", "max_price": 130000}, "model": "services.service", "pk": 178}, {"fields": {"category": [], "title": "\u0423\u0441\u0442\u0430\u043d\u043e\u0432\u043a\u0430 \u0441\u0438\u0441\u0442\u0435\u043c\u044b \u044d\u043b\u0430\u0439\u043d\u0435\u0440\u043e\u0432 Invisalign Lite", "numchild": 0, "course": 4, "depth": 3, "min_price": 50000, "path": "000Y00020003", "max_price": 50000}, "model": "services.service", "pk": 179}, {"fields": {"category": [5, 13], "title": "\u041b\u0435\u0447\u0435\u043d\u0438\u0435 \u0441 \u0441\u0438\u0441\u0442\u0435\u043c\u043e\u0439 \u044d\u043b\u0430\u0439\u043d\u0435\u0440\u043e\u0432 Air Align Complete", "numchild": 0, "course": 4, "depth": 2, "min_price": 210000, "path": "000Y0003", "max_price": 210000}, "model": "services.service", "pk": 180}, {"fields": {"category": [5, 13], "title": "\u041b\u0435\u0447\u0435\u043d\u0438\u0435 \u0441 \u0441\u0438\u0441\u0442\u0435\u043c\u043e\u0439 \u044d\u043b\u0430\u0439\u043d\u0435\u0440\u043e\u0432 Air Align Light", "numchild": 0, "course": 4, "depth": 2, "min_price": 150000, "path": "000Y0004", "max_price": 150000}, "model": "services.service", "pk": 181}, {"fields": {"category": [], "title": "\u0412\u043e\u0441\u0441\u0442\u0430\u043d\u043e\u0432\u043b\u0435\u043d\u0438\u0435 \u0443\u0442\u0435\u0440\u044f\u043d\u043d\u043e\u0433\u043e \u044d\u043b\u0430\u0439\u043d\u0435\u0440\u0430", "numchild": 0, "course": 4, "depth": 2, "min_price": 18900, "path": "000Y0006", "max_price": 18900}, "model": "services.service", "pk": 182}, {"fields": {"category": [], "title": "\u041a\u043e\u043d\u0442\u0440\u043e\u043b\u044c\u043d\u044b\u0439 \u043e\u0441\u043c\u043e\u0442\u0440 \u0441 \u0441\u0438\u0441\u0442\u0435\u043c\u043e\u0439 \u044d\u043b\u0430\u0439\u043d\u0435\u0440\u043e\u0432 Invisalign, Air Align", "numchild": 0, "course": 4, "depth": 2, "min_price": 1000, "path": "000Y0007", "max_price": 1000}, "model": "services.service", "pk": 183}, {"fields": {"category": [], "title": "\u041a\u043e\u043d\u0442\u0440\u043e\u043b\u044c\u043d\u044b\u0439 \u043e\u0441\u043c\u043e\u0442\u0440 \u0438 \u0430\u043a\u0442\u0438\u0432\u0430\u0446\u0438\u044f \u0431\u0440\u0435\u043a\u0435\u0442-\u0441\u0438\u0441\u0442\u0435\u043c\u044b", "numchild": 2, "course": 4, "depth": 2, "min_price": null, "path": "000X0007", "max_price": null}, "model": "services.service", "pk": 184}, {"fields": {"category": [], "title": "\u043d\u0430\u0440\u0443\u0436\u043d\u0430\u044f, \u0441\u0430\u043c\u043e\u043b\u0438\u0433\u0438\u0440\u0443\u044e\u0449\u0430\u044f\u0441\u044f 2 \u0447\u0435\u043b\u044e\u0441\u0442\u0438", "numchild": 0, "course": 4, "depth": 3, "min_price": 2000, "path": "000X00070001", "max_price": 2000}, "model": "services.service", "pk": 185}, {"fields": {"category": [], "title": "\u043b\u0438\u043d\u0433\u0432\u0430\u043b\u044c\u043d\u0430\u044f 2 \u0447\u0435\u043b\u044e\u0441\u0442\u0438", "numchild": 0, "course": 4, "depth": 3, "min_price": 3500, "path": "000X00070002", "max_price": 3500}, "model": "services.service", "pk": 186}, {"fields": {"category": [], "title": "\u041a\u043e\u043d\u0442\u0440\u043e\u043b\u044c\u043d\u044b\u0439 \u043e\u0441\u043c\u043e\u0442\u0440 \u043f\u043e\u0441\u043b\u0435 \u0441\u043d\u044f\u0442\u0438\u044f \u0431\u0440\u0435\u043a\u0435\u0442-\u0441\u0438\u0441\u0442\u0435\u043c\u044b (1 \u0440\u0430\u0437 \u0432 3-6 \u043c\u0435\u0441\u044f\u0446\u0435\u0432)", "numchild": 0, "course": 4, "depth": 2, "min_price": 600, "path": "000X0008", "max_price": 600}, "model": "services.service", "pk": 187}, {"fields": {"category": [], "title": "\u0421\u043d\u044f\u0442\u0438\u0435 \u043d\u0430\u0440\u0443\u0436\u043d\u043e\u0439 \u0431\u0440\u0435\u043a\u0435\u0442-\u0441\u0438\u0441\u0442\u0435\u043c\u044b (\u0432\u043a\u043b\u044e\u0447\u0430\u0435\u0442 \u0441\u043d\u044f\u0442\u0438\u0435 \u0431\u0440\u0435\u043a\u0435\u0442\u043e\u0432, \u043a\u043e\u043b\u0435\u0446, \u043c\u0430\u0442\u0435\u0440\u0438\u0430\u043b\u0430, \u0447\u0438\u0441\u0442\u043a\u0443 \u0437\u0443\u0431\u043e\u0432 \u0438 \u043f\u043e\u043a\u0440\u044b\u0442\u0438\u0435 \u0437\u0443\u0431\u043e\u0432 \u0431\u0438\u0444\u043b\u044e\u043e\u0440\u0438\u0434\u043e\u043c)", "numchild": 2, "course": 4, "depth": 2, "min_price": null, "path": "000X0009", "max_price": null}, "model": "services.service", "pk": 188}, {"fields": {"category": [], "title": "\u0441 \u043e\u0434\u043d\u043e\u0439 \u0447\u0435\u043b\u044e\u0441\u0442\u0438", "numchild": 0, "course": 4, "depth": 3, "min_price": 5000, "path": "000X00090001", "max_price": 5000}, "model": "services.service", "pk": 189}, {"fields": {"category": [], "title": "\u0441 \u0434\u0432\u0443\u0445 \u0447\u0435\u043b\u044e\u0441\u0442\u0435\u0439", "numchild": 0, "course": 4, "depth": 3, "min_price": 10000, "path": "000X00090002", "max_price": 10000}, "model": "services.service", "pk": 190}, {"fields": {"category": [], "title": "\u0421\u043d\u044f\u0442\u0438\u0435 \u0441\u0430\u043c\u043e\u043b\u0438\u0433\u0438\u0440\u0443\u044e\u0449\u0435\u0439\u0441\u044f \u0431\u0440\u0435\u043a\u0435\u0442-\u0441\u0438\u0441\u0442\u0435\u043c\u044b", "numchild": 2, "course": 4, "depth": 2, "min_price": null, "path": "000X000A", "max_price": null}, "model": "services.service", "pk": 191}, {"fields": {"category": [], "title": "\u0441 \u043e\u0434\u043d\u043e\u0439 \u0447\u0435\u043b\u044e\u0441\u0442\u0438", "numchild": 0, "course": 4, "depth": 3, "min_price": 5500, "path": "000X000A0001", "max_price": 5500}, "model": "services.service", "pk": 192}, {"fields": {"category": [], "title": "\u0441 \u0434\u0432\u0443\u0445 \u0447\u0435\u043b\u044e\u0441\u0442\u0435\u0439", "numchild": 0, "course": 4, "depth": 3, "min_price": 11000, "path": "000X000A0002", "max_price": 11000}, "model": "services.service", "pk": 193}, {"fields": {"category": [], "title": "\u0421\u043d\u044f\u0442\u0438\u0435 \u043b\u0438\u043d\u0433\u0432\u0430\u043b\u044c\u043d\u043e\u0439 \u0431\u0440\u0435\u043a\u0435\u0442-\u0441\u0438\u0441\u0442\u0435\u043c\u044b", "numchild": 2, "course": 4, "depth": 2, "min_price": null, "path": "000X000B", "max_price": null}, "model": "services.service", "pk": 194}, {"fields": {"category": [], "title": "\u0441 \u043e\u0434\u043d\u043e\u0439 \u0447\u0435\u043b\u044e\u0441\u0442\u0438", "numchild": 0, "course": 4, "depth": 3, "min_price": 5500, "path": "000X000B0001", "max_price": 5500}, "model": "services.service", "pk": 195}, {"fields": {"category": [], "title": "\u0441 \u0434\u0432\u0443\u0445 \u0447\u0435\u043b\u044e\u0441\u0442\u0435\u0439", "numchild": 0, "course": 4, "depth": 3, "min_price": 11000, "path": "000X000B0002", "max_price": 11000}, "model": "services.service", "pk": 196}, {"fields": {"category": [], "title": "\u0421\u043d\u044f\u0442\u0438\u0435 \u0447\u0430\u0441\u0442\u0438\u0447\u043d\u043e\u0439 \u0431\u0440\u0435\u043a\u0435\u0442-\u0441\u0438\u0441\u0442\u0435\u043c\u044b", "numchild": 2, "course": 4, "depth": 2, "min_price": null, "path": "000X000C", "max_price": null}, "model": "services.service", "pk": 197}, {"fields": {"category": [], "title": "\u0441 \u043e\u0434\u043d\u043e\u0439 \u0447\u0435\u043b\u044e\u0441\u0442\u0438", "numchild": 0, "course": 4, "depth": 3, "min_price": 2500, "path": "000X000C0001", "max_price": 2500}, "model": "services.service", "pk": 198}, {"fields": {"category": [], "title": "\u0441 \u0434\u0432\u0443\u0445 \u0447\u0435\u043b\u044e\u0441\u0442\u0435\u0439", "numchild": 0, "course": 4, "depth": 3, "min_price": 5000, "path": "000X000C0002", "max_price": 5000}, "model": "services.service", "pk": 199}, {"fields": {"category": [], "title": "\u0418\u0441\u043f\u043e\u043b\u044c\u0437\u043e\u0432\u0430\u043d\u0438\u0435 \u043a\u0430\u043f\u043f (\u0446\u0435\u043d\u044b \u043f\u0440\u0438\u0432\u0435\u0434\u0435\u043d\u044b \u0441 \u0443\u0447\u0435\u0442\u043e\u043c \u0441\u0442\u043e\u0438\u043c\u043e\u0441\u0442\u0438 \u0441\u043b\u0435\u043f\u043a\u043e\u0432)", "numchild": 4, "course": 4, "depth": 1, "min_price": null, "path": "000Z", "max_price": null}, "model": "services.service", "pk": 200}, {"fields": {"category": [], "title": "\u041a\u0430\u043f\u043f\u044b \u0434\u043b\u044f \u043e\u0442\u0431\u0435\u043b\u0438\u0432\u0430\u043d\u0438\u044f (\u043d\u0430 \u043e\u0434\u043d\u0443 \u0447\u0435\u043b\u044e\u0441\u0442\u044c)", "numchild": 0, "course": 4, "depth": 2, "min_price": 7000, "path": "000Z0001", "max_price": 7000}, "model": "services.service", "pk": 201}, {"fields": {"category": [], "title": "\u041a\u0430\u043f\u043f\u044b \u0434\u043b\u044f \u043b\u0435\u0447\u0435\u043d\u0438\u044f \u043f\u0430\u0440\u0430\u0444\u0443\u043d\u043a\u0446\u0438\u0439 (\u043d\u0430 \u043e\u0434\u043d\u0443 \u0447\u0435\u043b\u044e\u0441\u0442\u044c)", "numchild": 0, "course": 4, "depth": 2, "min_price": 7000, "path": "000Z0002", "max_price": 7000}, "model": "services.service", "pk": 202}, {"fields": {"category": [], "title": "\u0417\u0430\u0449\u0438\u0442\u043d\u044b\u0435 \u043a\u0430\u043f\u043f\u044b (\u043d\u0430 \u043e\u0434\u043d\u0443 \u0447\u0435\u043b\u044e\u0441\u0442\u044c)", "numchild": 0, "course": 4, "depth": 2, "min_price": 7000, "path": "000Z0003", "max_price": 7000}, "model": "services.service", "pk": 203}, {"fields": {"category": [], "title": "\u041a\u0430\u043f\u043f\u044b \u0434\u043b\u044f \u043f\u043e\u0434\u043d\u044f\u0442\u0438\u044f \u0432\u044b\u0441\u043e\u0442\u044b \u043f\u0440\u0438\u043a\u0443\u0441\u0430 (\u043d\u0430 \u043e\u0434\u043d\u0443 \u0447\u0435\u043b\u044e\u0441\u0442\u044c)", "numchild": 0, "course": 4, "depth": 2, "min_price": 7000, "path": "000Z0004", "max_price": 7000}, "model": "services.service", "pk": 204}]